URL,Last crawled
https://instatrainme.com/blog,2025-12-23
https://instatrainme.com/contact,2025-12-23
https://instatrainme.com/trainers/tx/houston,2025-12-18
https://instatrainme.com/trainers/ga,2025-12-10
https://instatrainme.com/trainers/ok,2025-12-10
https://instatrainme.com/trainers/wi,2025-12-10
https://instatrainme.com/trainers/in,2025-12-10
https://instatrainme.com/trainers/sd,2025-12-10
https://instatrainme.com/trainers/mn,2025-12-10
https://api.instatrainme.com/uploads/Privacy Policy.pdf,2025-08-22